/lengow.php|d00cf7454cac6f2c1c281063c7a6f85e
/loader.php|6dd22b2e2fd8a46ba2f44a2f00b577ef
/AdminLengowFeed14.php|ddc8ef6fe75ee5a8a31aed1bf8d3fd04
/AdminLengowHelp14.php|5f05de4731ae5f7b0785f72e61363e2b
/AdminLengowHome14.php|795f9ce1813b36239380400875f4ed91
/AdminLengowMainSetting14.php|4d3d1b794fc3cbb4d7d6e4bec81a2c41
/AdminLengowOrder14.php|33bb1393fd22a1fcff76e0e534c230d7
/AdminLengowOrderSetting14.php|246fa4adbbdf4b58acf5894f80699879
/backward_compatibility/TaxCalculator.php|814b18b72e42c439310e152db14f591d
/backward_compatibility/backward.php|eb4d8c5aa5643832ba95a70f2b69cdb2
/backward_compatibility/Display.php|7695746b57defc51f394df99b72a6584
/backward_compatibility/backward.ini|a554002e34eb83072d221087d58a173c
/backward_compatibility/Context.php|b4516f7d32791aabab583d90b23db2a3
/backward_compatibility/index.php|cc057e2d93b0f026c7e6ca1a5c8343e8
/classes/models/LengowConfigurationForm.php|313e4de78ab47bf6eef5d8fbe81583f3
/classes/models/LengowTool.php|ff6475272c4f4b6db16b0fd2f12e5bde
/classes/models/LengowImportOrder.php|9e50d4c821056bc0c575b5798f032245
/classes/models/LengowPaymentModule.php|491f0c9e1c3f5c9e4646297ee9ba56e9
/classes/models/LengowCustomer.php|531ab1ce1fc6283ba51a01f89c31bf57
/classes/models/LengowSync.php|70c22aef9947514b0afa6a4f617ba964
/classes/models/LengowCountry.php|99a31f0c7fada940287f9eff2938d805
/classes/models/LengowHook.php|004e5bb2d1544b9352129b9af3d89ab4
/classes/models/LengowImport.php|44bd56bb8125e6c4bbf7ea7ef83ad8f4
/classes/models/LengowFeed.php|8b9890d0d622e36a053659659eeab215
/classes/models/LengowCheck.php|faa1f015d9539b811d270fd13b0cb937
/classes/models/LengowCron.php|0f17fcd8a428793b777ecf2eef9dc80d
/classes/models/LengowBackup.php|020beee875a173c91fd1f6c4015fd996
/classes/models/LengowInstall.php|1ecff21f53548b8b53c3768d906f753a
/classes/models/LengowOrderDetail.php|5b56291a3cf1b1e3b0b26f8e573b5c78
/classes/models/LengowList.php|8310598fe5ccf98ae554a75f84c417e8
/classes/models/LengowCarrier.php|a81da2c3a19d7a3972e7f61941a0aa93
/classes/models/LengowTaxRule.php|b0ca32d3c2820758cf4faa0211385646
/classes/models/LengowCurrency.php|946814a85403ee0ff6684056549b1c82
/classes/models/LengowMain.php|1e2cfaf039bd3d6609d26a884cda4e48
/classes/models/LengowLog.php|fdedc82d4c183058bbb31754da09b561
/classes/models/LengowGender.php|19610a9b1d6abb8c34076cbd30207a38
/classes/models/LengowOrder.php|d3a5ac5340ade067b3131d09c15ecd2e
/classes/models/LengowLink.php|0ce4550c9486efe102868494b2ae509e
/classes/models/LengowExport.php|9b6672c3ee061cca919bbe951cafb5a2
/classes/models/LengowAction.php|b72fc39f7674454d3873d736016f46e1
/classes/models/LengowEmployee.php|dcc75482a33a856a8d95cdbce162513a
/classes/models/LengowTranslation.php|1756342791c8671b4a800ad27d7f7ae4
/classes/models/LengowFile.php|566648d6063eea8a5cf80425ba7cd98c
/classes/models/LengowShop.php|fa237daa6b36fb3564fe25adf442b3b7
/classes/models/LengowConnector.php|1033dce04580e482967a712b6c607c76
/classes/models/LengowException.php|11f54587c42ce6773c40ea12066b482f
/classes/models/LengowCart.php|9796ee502b3919512ddf34ea096c28a0
/classes/models/LengowMarketplace.php|8f5cb49284bdad20521b11ddfea0eb6b
/classes/models/LengowAddress.php|88912f519d5dda49fd96e90ebb0fa6bb
/classes/models/LengowCarrierCountry.php|25025415b37619745ffb19ab0a4e9e47
/classes/models/LengowSpecificPrice.php|4f453e7477a4691570065da6f7f0b269
/classes/models/index.php|ed8e273082cc0a58535dc2b454435f38
/classes/models/LengowProduct.php|7d61c5ae0769915f3c3463d3ce250b90
/classes/models/LengowConfiguration.php|4ccd0131940e896174c0bede94ef2217
/classes/index.php|ed8e273082cc0a58535dc2b454435f38
/classes/controllers/LengowController.php|0193cf7f6e72e76c9f726af8865eef3b
/classes/controllers/LengowHomeController.php|d9c7cf2daa3da966109e93e3b58ba7af
/classes/controllers/LengowFeedController.php|87c044a7bab1117ee793827be63de57e
/classes/controllers/LengowOrderController.php|a82694be18c1adc9de1527ffdd902615
/classes/controllers/LengowLegalsController.php|3ec20c4fdee6e0592e9d9b2d8b09d90a
/classes/controllers/LengowOrderSettingController.php|a05c4429aa0a70ea5cb9d5abe090f135
/classes/controllers/LengowHelpController.php|4c0ab068548b26cd41279496e88ce192
/classes/controllers/index.php|ed8e273082cc0a58535dc2b454435f38
/classes/controllers/LengowMainSettingController.php|32a783f464beef8ea9df2d9b63caac3c
/controllers/admin/TabLengowOrderSettingController.php|ea99cb699d236f315116035bd84bd900
/controllers/admin/AdminLengowOrderController.php|1e51bfcf4a2f2d14a3f5a283fb6fde35
/controllers/admin/TabLengowHomeController.php|077ef7c4d211efaf022097d12f0ab984
/controllers/admin/AdminLengowLegalsController.php|c4cdda7ea6f6261e45c4764d41136a03
/controllers/admin/TabLengowFeedController.php|590494eb7fee675b93ea1c8b79b22b5f
/controllers/admin/TabLengowLegalsController.php|598691e69c2775e1800e8cea8cd17709
/controllers/admin/TabLengowMainSettingController.php|2aa6feef02fc72f1ecbe6aae127c737d
/controllers/admin/AdminLengowMainSettingController.php|a7d5a03e27d7c534d3338a2baad44698
/controllers/admin/TabLengowHelpController.php|44f1cc26dca26d5a32c04210c63e2dde
/controllers/admin/AdminLengowHelpController.php|33827927854e0ccff1d9419492578df5
/controllers/admin/AdminLengowOrderSettingController.php|0c96f712e5b9532f5159c35f9416f4d3
/controllers/admin/TabLengowOrderController.php|6ec31b648e57fbb72963b38ae1755410
/controllers/admin/AdminLengowFeedController.php|6e0965f0bd74b4bf2c960eac62c70966
/controllers/admin/AdminLengowHomeController.php|9f1ef6e3e1166549bbbe2dc4e02cbcb0
/controllers/admin/index.php|cc057e2d93b0f026c7e6ca1a5c8343e8
/controllers/index.php|cc057e2d93b0f026c7e6ca1a5c8343e8
/toolbox/logoff.php|5e8db2e49b0dd4110f79c3b3d5809729
/toolbox/conf.inc.php|6b6f8cb179daf428dc168735e53bfa56
/toolbox/config.php|2e887c32d7f128da034e444555527aad
/toolbox/login.php|d6f269ac4ad5c21930feddeefcb17984
/toolbox/checksum.php|68fab6db1ac9be7dd712104db188a456
/toolbox/log.php|4cdf336088f00a0c7e3c04d01d7e0f9c
/toolbox/order.php|35bf4d822cf7c5ceff69fc479e6bee74
/toolbox/views/header.php|cc00a76a981047ca4cf942240c171ea6
/toolbox/views/footer.php|98f39c6ed95a0d4bb356baf9404c0df5
/toolbox/views/.htaccess|96a387042acac6d3ee76aab37f330411
/toolbox/views/index.php|cc057e2d93b0f026c7e6ca1a5c8343e8
/toolbox/product.php|1e92ed6dbd9ae5bc925ddfa553b35ff4
/toolbox/index.php|d689c1780590144602ae335846e1b147
/upgrade/update_3.0.0.php|08c2bf9e4c00dee540df63239953df94
/upgrade/index.php|8c18caef12711c245296fe35a66051dd
/views/img/home-orders.png|db05b21ec6b166d844b42c0e807cb265
/views/img/search.png|7f9b41e3ae4871543c2962369b9de277
/views/img/carret-down.png|f54e84c999caf3849f56fcf6537141bc
/views/img/lengow-white.png|0324647d065652cd15282d7fac4ef8ff
/views/img/AdminLengowHome.gif|de5d692bb92d10e406364677ccd321e2
/views/img/tick.png|93392d528788c75f2c61f48632e3a93e
/views/img/carret-up.png|3e14398dbf0566a04e32160d61fb0dd8
/views/img/box-close.png|73512c2351bfc39c6d10b95a3f2810c3
/views/img/home-products.png|99ff45448ea094f8c70b58a0cd4d9303
/views/img/logo-blue.png|20c05b7249c00f126861223ecc5b6ce9
/views/img/picto-stats.png|c5c5b92b4b09579b02b856b897ded428
/views/img/flag/FR.png|cc1fc719aa70170cf59aa97989f32fca
/views/img/flag/SZ.png|cba65b0b5c6d94904dcba4f3150c5ca8
/views/img/flag/LK.png|4af94d1108d1dbd3daee42e5d7027e73
/views/img/flag/HN.png|e969c09f78ba886511b46ac692d9f204
/views/img/flag/RS.png|6e44d2f1b54aeb9f6a470796c05307b8
/views/img/flag/KZ.png|1944b754503564c281ce18e5902229e9
/views/img/flag/AD.png|ca92647387865e00fd0128eea3c0b3f0
/views/img/flag/NF.png|380b2fedcc87649ed83992a0e8fcfcc8
/views/img/flag/FK.png|38cba6706a7246740309b9ca0fbc0b73
/views/img/flag/YT.png|cc1fc719aa70170cf59aa97989f32fca
/views/img/flag/GG.png|d104842e7f86efd100c0ee29a0fa40ca
/views/img/flag/ST.png|c879c939fdce2c819a2f80f1680580d2
/views/img/flag/ME.png|b9d7ebeaa14eaf5c2132098e57ac3b3a
/views/img/flag/JM.png|3d54284d8d3cb58632a152175cb42866
/views/img/flag/KM.png|130b19dbbed58a2896335af73c1a7ff2
/views/img/flag/TR.png|ae9e141ce534888b8b298f3a63d36e38
/views/img/flag/NZ.png|c9eb80f47846f678803710fd86e4fb91
/views/img/flag/TJ.png|725785afd7652b97fc79b9f9a2219759
/views/img/flag/GD.png|2f520ce09043643b7252eb0ce75a3d0c
/views/img/flag/DM.png|863a58ff3765e2285d6b2f519620640e
/views/img/flag/CH.png|d3f7ffa92fc89d18ecf93a210dcbd046
/views/img/flag/CA.png|959ca28fd07235ef971d3ea388c16397
/views/img/flag/GI.png|ecfd4b85afd85b8bf8c531f8e6255cae
/views/img/flag/MT.png|a31f908619bd13739d39dfca7d3900a4
/views/img/flag/ZA.png|55dc8a9767f651d0c1f81dc47580f5d8
/views/img/flag/BM.png|9dd3a4a2f7082b5ec1d62888cc091c49
/views/img/flag/YE.png|393dee2beda492bbdae758640b615561
/views/img/flag/TW.png|6ae84dc3a37d433ee650f0089a8e8f4f
/views/img/flag/JR.png|532ea8b20fa31e751d81f819d1e6774d
/views/img/flag/CG.png|fd66daf57f1a96e802ba44b07ce712c8
/views/img/flag/GQ.png|a3535b533b2af91719ba770f308ceb67
/views/img/flag/LY.png|cc1fe9b7e51a1ffa91c5f79d26043a25
/views/img/flag/PA.png|9407681f91e287935c4a7f987da34c63
/views/img/flag/KI.png|da6b34f01691dfaaad7424078d741a6a
/views/img/flag/NU.png|d89e7c94b030bb809a10231c0ee38e8e
/views/img/flag/PL.png|08b70dfd937f53fc448e084334df133d
/views/img/flag/VE.png|60739b59a02254e88e103f154f434087
/views/img/flag/PK.png|bb24b773e81e7daebc3ba3e263e67c20
/views/img/flag/NL.png|f9da0a905e9fec2ff6a12d52b0bae61c
/views/img/flag/BD.png|ea5f4a802e6b2969197551c64750b9a6
/views/img/flag/CR.png|fb27f4596f9ac16b951e0f017dbeaa2b
/views/img/flag/BZ.png|9481ccc9362b14353caa982b525793a8
/views/img/flag/MZ.png|04cfeaaf203ceb1ffc56d95914956d3d
/views/img/flag/BT.png|3d1dd6d51b8706976d8e52985f572dd1
/views/img/flag/VN.png|8c03bf96d845425cda900ed4cf965193
/views/img/flag/WF.png|cc1fc719aa70170cf59aa97989f32fca
/views/img/flag/MX.png|4585eaa23399ff97b0edddebc9548733
/views/img/flag/GS.png|fcfa6d9375d344cdad3cba278059f9dc
/views/img/flag/ER.png|098530d2dfadf464e46eeb7b67f88391
/views/img/flag/SO.png|053a1a934a1e0e0e3c4b455c3a0bf1db
/views/img/flag/MA.png|b9214415961f794af1034dab0cace3b3
/views/img/flag/DZ.png|96aecc1300df553a35b3758e3ecfba3e
/views/img/flag/TA.png|ecfd4b85afd85b8bf8c531f8e6255cae
/views/img/flag/SX.png|f9da0a905e9fec2ff6a12d52b0bae61c
/views/img/flag/EH.png|64c0643f5f65257b22dd3bb070d3acf5
/views/img/flag/QA.png|f38b2d29e8a446e5764d5258c8afd6eb
/views/img/flag/NI.png|7f337fe073caff1ecb41acae6a9d1e3d
/views/img/flag/PM.png|cc1fc719aa70170cf59aa97989f32fca
/views/img/flag/LC.png|92badafa246492aed1cffb0bb913a21b
/views/img/flag/JE.png|3d4f6a61cc22ad5a77b4cbe36c26c9d7
/views/img/flag/AQ.png|7b496e199605b532dba8319044097d7e
/views/img/flag/KP.png|6b12eacf3bd315e433ba0b1eacf9d802
/views/img/flag/CD.png|1a91773608e0dc37943f2e3b64e2fd74
/views/img/flag/UG.png|2e03029719fda3470ee6263150a7466b
/views/img/flag/MQ.png|cc1fc719aa70170cf59aa97989f32fca
/views/img/flag/AF.png|49d77e12111afc3d4194ade2664d286f
/views/img/flag/JO.png|30a9129bf6502226ba7fd9da08e4b35c
/views/img/flag/BI.png|2bc04f56f098abfd22ec8dc9b4d25c6f
/views/img/flag/SK.png|6bfe648618589d94ccad3c6e27aec692
/views/img/flag/PF.png|cc1fc719aa70170cf59aa97989f32fca
/views/img/flag/KN.png|73c41ac33b42de3aa30fca903333f7fb
/views/img/flag/BA.png|0ca33f9b22f6317781e167a74843a19e
/views/img/flag/TT.png|3dd6607f691fdc7244b08e30f9cb5266
/views/img/flag/TL.png|e782b6cfd00d15f709104755f400a578
/views/img/flag/MN.png|6b459e34b09e6eb540ca41ff45f5d978
/views/img/flag/DO.png|7ca29ece3c9d65228080ba12e0be8940
/views/img/flag/GN.png|37244e09a030931a398207bbed599818
/views/img/flag/AN.png|a8c499377e0868f60a435229aa146fb1
/views/img/flag/VG.png|cd80422040f3569cdee8fe37c9ac233b
/views/img/flag/IT.png|42d6ced0776d3c3ea8295b704202ff44
/views/img/flag/PG.png|e13e005b63bc30978dc3e4232623e8d1
/views/img/flag/DK.png|4c8c04806671345cacfabbd0781aaa64
/views/img/flag/MV.png|ba000bb35f554921cf272250f30c2e10
/views/img/flag/HK.png|9e22cff886b227b7c66a7299cee60c4a
/views/img/flag/GH.png|748acbf0e69a5b10243d3ef200d9ea7f
/views/img/flag/BH.png|4c735715f2b57bf14008bc277ba43c51
/views/img/flag/NA.png|17f102547f2ad6154227108af755dad2
/views/img/flag/TC.png|1988184525b5d9410d8bbc07fca834c0
/views/img/flag/KE.png|ba0a3ef22e0a59d8db268ae25d4fcb77
/views/img/flag/CN.png|9e22cff886b227b7c66a7299cee60c4a
/views/img/flag/AW.png|ec19a347739ea0e70970e2a604614837
/views/img/flag/PY.png|47ba6b57d21f58b4e206251230b19ac8
/views/img/flag/IC.png|6db63d7e4bee7add3ead8eb95c9668e8
/views/img/flag/ZZ.png|737e91fb2b9da9e69ab2495a49cce79d
/views/img/flag/BY.png|30eb3989b884d4aed254eef073a21e9f
/views/img/flag/MS.png|ecfd4b85afd85b8bf8c531f8e6255cae
/views/img/flag/CF.png|5f181e4dc309c220174c64376759a89a
/views/img/flag/SH.png|ecfd4b85afd85b8bf8c531f8e6255cae
/views/img/flag/GT.png|d4b7180e1da0f1f2baede267bec4d045
/views/img/flag/MY.png|1e8b313da9168f9b03b235d2952e142b
/views/img/flag/VU.png|cade21feef734a691c19396d4cacd4d4
/views/img/flag/GA.png|334f0731d029c587625f0b7b98e6e17d
/views/img/flag/MH.png|14bc97a69158b9c8b513b4b4adc6b861
/views/img/flag/LU.png|b30b097b3f764af26f3fc551e10b62fa
/views/img/flag/HU.png|aa1de41f497f81700e4bbf862e3454ee
/views/img/flag/NR.png|0d5e83ccb1ccd3a8f02fc61acaa6e47b
/views/img/flag/SG.png|f0f0bb2bf6639e472ef6ff90f9eaf0c7
/views/img/flag/UA.png|01969d09f7817a4ed6b9f152123fd5fa
/views/img/flag/BB.png|a0a004f000c7ea6ab8d150959ac8d3fe
/views/img/flag/RE.png|cc1fc719aa70170cf59aa97989f32fca
/views/img/flag/EE.png|9d2fe6fa37282535b72b5b4428e02a1d
/views/img/flag/IS.png|e3afdbe32403f05ab6bed0acd8336604
/views/img/flag/SL.png|262fe618a191d0d8a60bc364746d3c04
/views/img/flag/SY.png|5f25bd15bf8a63c5f55b36a63ad029b5
/views/img/flag/MK.png|a58f238f52c62e8eb54fa6d056c37d38
/views/img/flag/RO.png|0701088a3c572a894daa458455c957f1
/views/img/flag/TF.png|cc1fc719aa70170cf59aa97989f32fca
/views/img/flag/KH.png|0ffb252a38a5001bd776633c7d294063
/views/img/flag/TO.png|59a189738b32f9e766c913ed9296de03
/views/img/flag/TZ.png|aeab49fe6ea2334ee06286245759f40a
/views/img/flag/KY.png|ecfd4b85afd85b8bf8c531f8e6255cae
/views/img/flag/MP.png|6c26816f5aaeae7d369b60fce14da9db
/views/img/flag/CV.png|0e39eebc150f3825588ebd015b958372
/views/img/flag/SS.png|83ab553ec6ed1454b5523b9bb5f9e4f9
/views/img/flag/GW.png|9103e6399b262a7ad40a5d06e0ea8ecd
/views/img/flag/OTHERS.png|ca92647387865e00fd0128eea3c0b3f0
/views/img/flag/TH.png|04ae701cf5d13862c0badd8f931844b6
/views/img/flag/FM.png|6ade62bece03f1d514fdbccdda641de1
/views/img/flag/BF.png|80b84a563590f903257bfe44f1332870
/views/img/flag/US.png|96becb321dbd9e9fab92cf6b3c9b5163
/views/img/flag/HT.png|3dd1a60ae95e7348b00fa8c1bffd0258
/views/img/flag/NE.png|fc09575c0fabcb08e083e2b25f8e4343
/views/img/flag/AZ.png|eed74a4b4d1d9320554380ecd298c603
/views/img/flag/JP.png|e6f8733f45d9c7ac9dcf834aba625cbb
/views/img/flag/BO.png|4e5e360f3cfec693bddd39707f79254a
/views/img/flag/IN.png|c1b8cf0460974ae1739a2f0ee72a0a36
/views/img/flag/BJ.png|e0db6fe266bf66ddebe037bc574a930d
/views/img/flag/PT.png|2e7c7be8522b84c10ac8c584c3932fab
/views/img/flag/KG.png|aa27c4a8269656e2b7e22ee2782869fd
/views/img/flag/BQ.png|f9da0a905e9fec2ff6a12d52b0bae61c
/views/img/flag/AU.png|ab3991ad7489bf384fb5446222bb48c6
/views/img/flag/CI.png|06b9dd31f9661b9a162857eef2f33cc2
/views/img/flag/KW.png|04474a00fd44b8c39fcce5cb6f2b94f7
/views/img/flag/TV.png|87b460b75260e3da93f06e56840a95b9
/views/img/flag/VC.png|04d50353949376995d0ca8827fd35241
/views/img/flag/ET.png|a8ccdaec951da596214f55351e1ce618
/views/img/flag/SR.png|0a74189d8580fae462170f51fdfd5b9b
/views/img/flag/MM.png|96647eab72c5fe93e4be84e1c5f3d7a7
/views/img/flag/LB.png|a40045be63d6f413ff91c9b5867aa880
/views/img/flag/RW.png|3c21dcfbee72c5a9229317ba9e3b9cdb
/views/img/flag/NO.png|e3fa15f998178a590461f1fc6a0d2de8
/views/img/flag/CO.png|e9239e0e2019b75b50908273696037a5
/views/img/flag/MR.png|88251c8ae9701c1c130b51c206462216
/views/img/flag/CX.png|3f3aba1069496a40934637cf4b4f766c
/views/img/flag/FI.png|6bfdcba08d5eac28c8b2f444d403fbd7
/views/img/flag/IO.png|1c5a9a59d014fad88383a6d864458bc8
/views/img/flag/CM.png|7944de5a7885828172fe267c5f0bd666
/views/img/flag/FO.png|0268b567af566647f953d8c3524c9ca7
/views/img/flag/BL.png|cc1fc719aa70170cf59aa97989f32fca
/views/img/flag/GY.png|ab7cebdcd0f057c92edb1d92d4c45ed1
/views/img/flag/AI.png|59b67277582e2170cfe037c35ba4ed7a
/views/img/flag/ML.png|a902428bbc6d2e20381b5f4a58ffc750
/views/img/flag/CC.png|7fecb4864f239d8d672d4dd0c780797c
/views/img/flag/AO.png|835be1589972b119e2a3aea772e21a18
/views/img/flag/SI.png|87f0819a7674137b062db99f7b888af7
/views/img/flag/BG.png|aad68b8269f4c43558b53089c6e42d71
/views/img/flag/GL.png|4c8c04806671345cacfabbd0781aaa64
/views/img/flag/LS.png|424c47d3ce5111e4f646abcfafc652be
/views/img/flag/DE.png|d8cd6c8e3fa88c3a5d71aade7691711d
/views/img/flag/IL.png|ca066a0cb246da38676b6a4930b29971
/views/img/flag/CZ.png|c29892cb415d8489c5e4024a867fe8b6
/views/img/flag/DJ.png|5ddb0d34fd83107a3d83e18880fa0305
/views/img/flag/IR.png|304c0bf838a4fbc343b85f2a0c252d1b
/views/img/flag/MD.png|2b7d7b14d52f8fe8d800c000f2ddd0a9
/views/img/flag/PS.png|f9f7ff5e3c9d12173aca821154719f7e
/views/img/flag/IQ.png|e80063e93b8c7a79490dfcfae80b6aae
/views/img/flag/HR.png|24cb403f2615ba725761dfbbcb843cfa
/views/img/flag/UY.png|bb2ddc17d73acbc625c0ec8ab5ff51c4
/views/img/flag/UM.png|6c26816f5aaeae7d369b60fce14da9db
/views/img/flag/LA.png|73e8e91f8cec75bc2cb582effb937212
/views/img/flag/KR.png|26ddd3e45a9a097d781fd1c9cfddc468
/views/img/flag/AE.png|ea9875d8e8afafed9f07e63e7fae0b3d
/views/img/flag/RU.png|784a2a8638e99ff3e7d229be90b4f420
/views/img/flag/TN.png|fb43183a6891caf1600763cb51cde4a5
/views/img/flag/TG.png|e2cf3a5f662ba166b85bf7a224d9ded9
/views/img/flag/MG.png|1d31e4ce165056179bbe39248a7170cc
/views/img/flag/OM.png|03760a212630cc7c0e5471df8281355e
/views/img/flag/NP.png|3885515ee4827a6d374e0bbcc3ddaaef
/views/img/flag/AM.png|3461136703e8e2b5dffe869e3e086ce1
/views/img/flag/AT.png|d94ad12cbb42e07163dad620027b3a80
/views/img/flag/ID.png|85754149e4307e821f27c80389263d6e
/views/img/flag/AX.png|6bfdcba08d5eac28c8b2f444d403fbd7
/views/img/flag/SM.png|ad4c6e282255da7434889bd83a069286
/views/img/flag/SD.png|fa421effd81aa5f626083d0b2474853b
/views/img/flag/XK.png|6d8d386104193e251f4c3077e5bf5d3b
/views/img/flag/PW.png|b5ae6117e7e8c6c506f4ec2bed045e33
/views/img/flag/GU.png|49c3a9df1fe4d853a0a5fc76e3270b20
/views/img/flag/ZW.png|7d535d7ed7bb8fad8684610d869c4058
/views/img/flag/SV.png|7f337fe073caff1ecb41acae6a9d1e3d
/views/img/flag/CL.png|6e05e10bbad0945a6a0ac4f72de351bd
/views/img/flag/PN.png|dc374e50b3c4d72a5663d422d276776a
/views/img/flag/LV.png|48efa49e2a85e9c077be41542ad17a1a
/views/img/flag/BW.png|5fb1b531e34de1e246560f3a9defefe2
/views/img/flag/MC.png|85754149e4307e821f27c80389263d6e
/views/img/flag/PH.png|38df9e3c0944ffe4d5b015be95793be5
/views/img/flag/HM.png|ab3991ad7489bf384fb5446222bb48c6
/views/img/flag/SE.png|b8e45aecfb0ad66627b731f7d5fee095
/views/img/flag/MO.png|9e22cff886b227b7c66a7299cee60c4a
/views/img/flag/UZ.png|9cd7f3e20f89d37e4a2854f30622d27a
/views/img/flag/FJ.png|dabe04af951004527f0b1094cfd218d1
/views/img/flag/AR.png|2c0793e851675c4178e6c623bedada68
/views/img/flag/SC.png|59f0b2fdc9c66ca24e723225fea73c3f
/views/img/flag/GE.png|6ece075c9a93ba4cabbd65f015fa91b3
/views/img/flag/LR.png|88412f2e2d5322bdd1d10f011fda38e3
/views/img/flag/BE.png|a538d77b0d0e599095ca6db2ada1c2f3
/views/img/flag/SJ.png|e3fa15f998178a590461f1fc6a0d2de8
/views/img/flag/TD.png|c09a11652d7215dbbb86b9f2e08e1eaa
/views/img/flag/LT.png|6a8428cf97967d9726f9a78277fec777
/views/img/flag/MU.png|026a9a35bf226c5466e85912d37c80ec
/views/img/flag/IM.png|9a71aa37ec75db5858d66cf3a9a943f4
/views/img/flag/PR.png|587404b281120855ff304375851e3793
/views/img/flag/ZM.png|90feb476b1cf845ec389074f32585c34
/views/img/flag/PE.png|2213daa82fbd4344c53ed14272064ed3
/views/img/flag/AG.png|3e96767508f891bee4e18b0879197059
/views/img/flag/GP.png|cc1fc719aa70170cf59aa97989f32fca
/views/img/flag/EC.png|061930954ddd6fb786cd4060f0876fce
/views/img/flag/BR.png|8f5c8e3aec893ab67e226a15db7cf0c0
/views/img/flag/GR.png|1490aa27b7e0f14ac0757139cf3804fa
/views/img/flag/TM.png|58f31979cd5840ed53c4c0244226ad88
/views/img/flag/CK.png|3859da524e0ff3fedf39784da126a647
/views/img/flag/VI.png|e69dce8e3db81cbc4e43f41b41eb5de7
/views/img/flag/GM.png|d5273ab5a2bb48c0678db55894849363
/views/img/flag/index.php|cc057e2d93b0f026c7e6ca1a5c8343e8
/views/img/flag/VA.png|14a0946355567991035d1c4a235b7890
/views/img/flag/TK.png|3f70b39454fe3d56ea975185438edeb0
/views/img/flag/GB.png|ecfd4b85afd85b8bf8c531f8e6255cae
/views/img/flag/BS.png|9bd57b913f78269f420d06006adc4881
/views/img/flag/SA.png|fa0d37fefbcb03be08a96ff39c35e9fb
/views/img/flag/WS.png|dbfe225a535339b992abd582c9e69037
/views/img/flag/CY.png|eb2365a3603d60aff08f3c50cc87f249
/views/img/flag/MF.png|cc1fc719aa70170cf59aa97989f32fca
/views/img/flag/SB.png|bf3795be21421952a58ca2039aaaf5b5
/views/img/flag/LI.png|ba8539c6542d4d7e443a10f91bea414c
/views/img/flag/SN.png|1a524290e23411b9f33e2e4426cb2d40
/views/img/flag/EG.png|22e30f3af14155502c2f4a4819bcf799
/views/img/flag/IE.png|6882a56174318552db95a58dc4bc295c
/views/img/flag/GF.png|cc1fc719aa70170cf59aa97989f32fca
/views/img/flag/NG.png|bd9daa305a8a954cffaff6649a464b5d
/views/img/flag/ES.png|6db63d7e4bee7add3ead8eb95c9668e8
/views/img/flag/NC.png|cc1fc719aa70170cf59aa97989f32fca
/views/img/flag/AL.png|5d34661c52bbda24fb4a49adf5ef82a0
/views/img/flag/BN.png|54fbed23e5e0467e10530f00e5a53d8a
/views/img/flag/MW.png|eaadfcd54efd99816aa1e98cde55b48a
/views/img/flag/AS.png|6e81163a35de2f77ef3feb9ff4c36819
/views/img/flag/BV.png|2f9326738982ae4876fc7f0f0960c77e
/views/img/flag/CU.png|4ba302408d9eddb58f79ef741668bf3b
/views/img/laser-gun.png|5b09dfd39f2c17e6e818e79fdf8c03c0
/views/img/modal-close.png|32cadb3a7cfff33ff4d79b53b817f8e2
/views/img/lengow-white-big.png|6e6178f2db21104a157aebb27f9a5ca2
/views/img/index.php|cc057e2d93b0f026c7e6ca1a5c8343e8
/views/img/home-settings.png|4f7751e943137d3c10b71da358f7b1d7
/views/templates/front/tagpage.tpl|f040d02eb2f79ed7d50e72f7f707db0e
/views/templates/front/index.php|cc057e2d93b0f026c7e6ca1a5c8343e8
/views/templates/admin/header.tpl|cae433f3f53eae7bff1885096802da0a
/views/templates/admin/footer.tpl|b00b269acc974016f871151a3faa8649
/views/templates/admin/order/info.tpl|406acc5d3c8aae083c6b74ed36fde99c
/views/templates/admin/order/index.php|cc057e2d93b0f026c7e6ca1a5c8343e8
/views/templates/admin/order/info_16.tpl|f62476ced9cbc2f453037ea856007570
/views/templates/admin/lengow_main_setting/layout.tpl|8296463aac5333e3d045024628ee14d7
/views/templates/admin/lengow_main_setting/helpers/index.php|cc057e2d93b0f026c7e6ca1a5c8343e8
/views/templates/admin/lengow_main_setting/helpers/view/view.tpl|54ec0ddb2de493dd353d554b85e97d92
/views/templates/admin/lengow_main_setting/helpers/view/index.php|cc057e2d93b0f026c7e6ca1a5c8343e8
/views/templates/admin/lengow_main_setting/index.php|cc057e2d93b0f026c7e6ca1a5c8343e8
/views/templates/admin/header_order.tpl|fe0069e335ca4c5135e83e434fe1707d
/views/templates/admin/lengow_help/layout.tpl|8296463aac5333e3d045024628ee14d7
/views/templates/admin/lengow_help/helpers/index.php|cc057e2d93b0f026c7e6ca1a5c8343e8
/views/templates/admin/lengow_help/helpers/view/view.tpl|12fcea7ec980b12d97825ac42070896b
/views/templates/admin/lengow_help/helpers/view/index.php|cc057e2d93b0f026c7e6ca1a5c8343e8
/views/templates/admin/lengow_help/index.php|cc057e2d93b0f026c7e6ca1a5c8343e8
/views/templates/admin/lengow_home/layout.tpl|d4e23ff27234d8621b4fc909e1aea5dd
/views/templates/admin/lengow_home/helpers/index.php|cc057e2d93b0f026c7e6ca1a5c8343e8
/views/templates/admin/lengow_home/helpers/view/connect.tpl|f7213007721bb0fa64e336a0e9a49da9
/views/templates/admin/lengow_home/helpers/view/view.tpl|38652553fbd0df3fecf590b6cf05b355
/views/templates/admin/lengow_home/helpers/view/status.tpl|aa3ff01e960559baa38aedc78704c5e9
/views/templates/admin/lengow_home/helpers/view/index.php|cc057e2d93b0f026c7e6ca1a5c8343e8
/views/templates/admin/lengow_home/helpers/view/new.tpl|ac8bfff60efb9926eebd4d5093528b80
/views/templates/admin/lengow_home/index.php|cc057e2d93b0f026c7e6ca1a5c8343e8
/views/templates/admin/lengow_order/layout.tpl|901527885b6fdd8c04949bfe750e438d
/views/templates/admin/lengow_order/helpers/index.php|cc057e2d93b0f026c7e6ca1a5c8343e8
/views/templates/admin/lengow_order/helpers/view/view.tpl|d91a0aac3ed9b938c730514a2f75ecdf
/views/templates/admin/lengow_order/helpers/view/last_importation.tpl|a7355bb73d06a1ce019c3c9e49d75157
/views/templates/admin/lengow_order/helpers/view/no_order.tpl|806dda4cd3f405507f7e89046e222120
/views/templates/admin/lengow_order/helpers/view/header_toolbox.tpl|323be19baf6c97a79d0fd73f319aa071
/views/templates/admin/lengow_order/helpers/view/select_marketplace.tpl|4fc32e13f5a6e663d839e7555d4e487c
/views/templates/admin/lengow_order/helpers/view/index.php|cc057e2d93b0f026c7e6ca1a5c8343e8
/views/templates/admin/lengow_order/index.php|cc057e2d93b0f026c7e6ca1a5c8343e8
/views/templates/admin/lengow_order_setting/layout.tpl|901527885b6fdd8c04949bfe750e438d
/views/templates/admin/lengow_order_setting/helpers/index.php|cc057e2d93b0f026c7e6ca1a5c8343e8
/views/templates/admin/lengow_order_setting/helpers/view/marketplace_carrier.tpl|63df0e080f0a4ac7d5280c3c21a4b51e
/views/templates/admin/lengow_order_setting/helpers/view/select_country.tpl|e3758bb696d43ea3dd29d3745b4d6be1
/views/templates/admin/lengow_order_setting/helpers/view/default_carrier.tpl|9d142c703c6a864022583719e44fb6f9
/views/templates/admin/lengow_order_setting/helpers/view/view.tpl|d32eb8bb5fdb59232f21ebdd246b2a68
/views/templates/admin/lengow_order_setting/helpers/view/index.php|cc057e2d93b0f026c7e6ca1a5c8343e8
/views/templates/admin/lengow_order_setting/index.php|cc057e2d93b0f026c7e6ca1a5c8343e8
/views/templates/admin/lengow_feed/layout.tpl|8296463aac5333e3d045024628ee14d7
/views/templates/admin/lengow_feed/helpers/index.php|cc057e2d93b0f026c7e6ca1a5c8343e8
/views/templates/admin/lengow_feed/helpers/view/view.tpl|6e15c63d73a1ba78b9267e9041bf66dc
/views/templates/admin/lengow_feed/helpers/view/index.php|cc057e2d93b0f026c7e6ca1a5c8343e8
/views/templates/admin/lengow_feed/index.php|cc057e2d93b0f026c7e6ca1a5c8343e8
/views/templates/admin/lengow_legals/layout.tpl|8296463aac5333e3d045024628ee14d7
/views/templates/admin/lengow_legals/helpers/index.php|cc057e2d93b0f026c7e6ca1a5c8343e8
/views/templates/admin/lengow_legals/helpers/view/view.tpl|a59d0c14d628811ca86909331b62ac75
/views/templates/admin/lengow_legals/helpers/view/index.php|cc057e2d93b0f026c7e6ca1a5c8343e8
/views/templates/admin/lengow_legals/index.php|cc057e2d93b0f026c7e6ca1a5c8343e8
/views/templates/admin/index.php|cc057e2d93b0f026c7e6ca1a5c8343e8
/views/templates/mails/es/report.html|aa21eced7789f09a68ca474b04cc431e
/views/templates/mails/es/report.txt|de4160ab037db7fa1806b1dabe546a60
/views/templates/mails/es/index.php|cc057e2d93b0f026c7e6ca1a5c8343e8
/views/templates/mails/it/report.html|aa21eced7789f09a68ca474b04cc431e
/views/templates/mails/it/report.txt|de4160ab037db7fa1806b1dabe546a60
/views/templates/mails/it/index.php|cc057e2d93b0f026c7e6ca1a5c8343e8
/views/templates/mails/de/report.html|aa21eced7789f09a68ca474b04cc431e
/views/templates/mails/de/report.txt|de4160ab037db7fa1806b1dabe546a60
/views/templates/mails/de/index.php|cc057e2d93b0f026c7e6ca1a5c8343e8
/views/templates/mails/pt/report.html|aa21eced7789f09a68ca474b04cc431e
/views/templates/mails/pt/report.txt|de4160ab037db7fa1806b1dabe546a60
/views/templates/mails/pt/index.php|cc057e2d93b0f026c7e6ca1a5c8343e8
/views/templates/mails/sv/report.html|aa21eced7789f09a68ca474b04cc431e
/views/templates/mails/sv/report.txt|de4160ab037db7fa1806b1dabe546a60
/views/templates/mails/sv/index.php|cc057e2d93b0f026c7e6ca1a5c8343e8
/views/templates/mails/fr/report.html|aa21eced7789f09a68ca474b04cc431e
/views/templates/mails/fr/report.txt|de4160ab037db7fa1806b1dabe546a60
/views/templates/mails/fr/index.php|cc057e2d93b0f026c7e6ca1a5c8343e8
/views/templates/mails/en/report.html|aa21eced7789f09a68ca474b04cc431e
/views/templates/mails/en/report.txt|de4160ab037db7fa1806b1dabe546a60
/views/templates/mails/en/index.php|cc057e2d93b0f026c7e6ca1a5c8343e8
/views/templates/mails/index.php|cc057e2d93b0f026c7e6ca1a5c8343e8
/views/templates/mails/nl/report.html|aa21eced7789f09a68ca474b04cc431e
/views/templates/mails/nl/report.txt|de4160ab037db7fa1806b1dabe546a60
/views/templates/mails/nl/index.php|cc057e2d93b0f026c7e6ca1a5c8343e8
/views/templates/index.php|cc057e2d93b0f026c7e6ca1a5c8343e8
/views/css/lengow-components.css|b7b4b98e79af212f696fee594a3f1332
/views/css/font-awesome.css|bf4b58c946c9234e4a6b9f7a70d38006
/views/css/lengow_bootstrap_15.css|bb45ef7eef8a25b8ed1155434a3d8e0e
/views/css/lengow-tab.css|ac6eca396e006dd56dd87e245965f614
/views/css/toolbox.css|dda43bfec024d721a13a68a8685c2a37
/views/css/bootstrap-3.3.6.css|2f624089c65f12185e79925bc5a7fc42
/views/css/lengow_bootstrap_min-980.css|72857f0e7af8daf9de2f1ef7cc708ddf
/views/css/lengow-layout.css|96e5a2715ae00ca03d428fbbb1f89b58
/views/css/bootstrap-datepicker.css|d5260247b97663d887f4efe8ec894353
/views/css/select2.css|8969ac4614d64a13dfc32e1eb4e731f7
/views/css/lengow-pages.css|c1ffbc6059a9016e44b278b2ad2bdd7f
/views/css/lengow_bootstrap_14.css|fae05d00e89d99c3b0e3849c1f320157
/views/css/index.php|cc057e2d93b0f026c7e6ca1a5c8343e8
/views/fonts/fontawesome-webfont.ttf|a3de2170e4e9df77161ea5d3f31b2668
/views/fonts/fontawesome-webfont.woff|a35720c2fed2c7f043bc7e4ffb45e073
/views/fonts/fontawesome-webfont.woff2|db812d8a70a4e88e888744c1c9a27e89
/views/fonts/FontAwesome.otf|87d8ca3ddc57e7d2da6226e480f90457
/views/fonts/fontawesome-webfont.svg|f775f9cca88e21d45bebe185b27c0e5b
/views/fonts/fontawesome-webfont.eot|32400f4e08932a94d8bfd2422702c446
/views/fonts/index.php|cc057e2d93b0f026c7e6ca1a5c8343e8
/views/js/clipboard.js|55db0ff82a3b6b247844ae0d07d85fc6
/views/js/bootstrap-datepicker.js|5e12aafeadd2893b88641fa55e102dd7
/views/js/bootstrap.min.js|dd6e92df60a6ae59738a1525d6ba1728
/views/js/select2.js|2565df263f3a062418fb9ef1202d7e4e
/views/js/jquery.1.12.0.min.js|e63f1452800f328881a789956054aca3
/views/js/index.php|cc057e2d93b0f026c7e6ca1a5c8343e8
/views/js/lengow/home.js|e8dd592352d2a2acd4231deb07c44da8
/views/js/lengow/admin.js|4ae494a8ad0305c51a3f33442a428bc0
/views/js/lengow/main_setting.js|64d84b84b1ce1a2c7ab25ad8894a618c
/views/js/lengow/order.js|aff6525549b26661b5cf6849cd15dfd2
/views/js/lengow/feed.js|d9e32326c163fa4846bd6b9586669054
/views/js/lengow/order_setting.js|4354498ec01264b3cd715828deb395fb
/views/js/lengow/index.php|cc057e2d93b0f026c7e6ca1a5c8343e8
/views/index.php|cc057e2d93b0f026c7e6ca1a5c8343e8
/webservice/cron.php|a6ab9ff12886f67afcdbc464a7354965
/webservice/index.php|cc057e2d93b0f026c7e6ca1a5c8343e8
/webservice/export.php|8fcfd2292222b87b66543f3e2d6bd2eb
