/es.php|f90ff4b5d8e3087a9a477abba2717871
/fr.php|33b3d9b2be41ba5d9c97d817244cca43
/index.php|eb18f895c85303c2ced77482ec4ab525
/it.php|1175d702820b82ae2f0d63863712528c
/lengow.php|3007dfbd411df04c76cc74d70269fd0e
/loader.php|874ddfac8bad3383eeca0b0891cf8f5e
/config/index.php|eb18f895c85303c2ced77482ec4ab525
/translations/en.csv|3a8f100539933b57ddf662448321e096
/translations/es.csv|3a86bbbdad4193b66fda3febc15b5710
/translations/fr.csv|b7265cc35fbf86bd610473f40f872228
/translations/index.php|eb18f895c85303c2ced77482ec4ab525
/translations/it.csv|759880ae89680ecb7a3ba446044dd6d2
/classes/index.php|ed8e273082cc0a58535dc2b454435f38
/classes/models/LengowToolbox.php|cc8c30c735b0a7c6c7ccb70be7572421
/classes/models/index.php|b5e38882437216d5e71c70683fac56de
/classes/models/LengowConnector.php|20c3996f7195826813a0013215927054
/classes/models/LengowSync.php|2f027328a0322705fb8d0da31d7bfef3
/classes/models/LengowMarketplace.php|7f0d5d562e51ed85075260511da3853e
/classes/models/LengowFile.php|efd92e780beae7118f3bea44bd8fae1b
/classes/models/LengowCart.php|fa761b887a5650d093236df8619a904c
/classes/models/LengowProduct.php|911dabe15b3b8f8ee1eef8eb7fbbd605
/classes/models/LengowPaymentModule.php|3fa4496dd53645c958841931f7717510
/classes/models/LengowOrder.php|d902c951fe54ee8e0020c794b299199b
/classes/models/LengowFeed.php|3a3797531001fd3ae56da3d123460b88
/classes/models/LengowException.php|6754a4ddcd8bebd230d84a0f1929f8e2
/classes/models/LengowCustomer.php|fa7d74b34d1edc4946e873e636834bc9
/classes/models/LengowAddress.php|9bbd7a6f0a43e30d7139c5630ae133b8
/classes/models/LengowCarrier.php|e7d47ad8d74ebe1719fd74341e908fe9
/classes/models/LengowTranslation.php|44c7c826614422f32365d96b74084af0
/classes/models/LengowShop.php|9b554b3e1d270c01c6779637dd06cfdb
/classes/models/LengowMain.php|36fa41b4d0d5315be42da6ebba76b58b
/classes/models/LengowOrderError.php|eb849f184749d32582df3649dcc6869a
/classes/models/LengowCountry.php|47c47ce1e0916130ba059ac00d84d322
/classes/models/LengowAction.php|948682769f8aa6f2494084a2395e9f60
/classes/models/LengowOrderDetail.php|0d00241df347b56c49d551a5b133ef88
/classes/models/LengowExport.php|03b0e7043f69feae444e2cd6d0cecd5d
/classes/models/LengowList.php|2e945aabddf59942e864f758e37cb88d
/classes/models/LengowCatalog.php|9a3a0fc4a7de0e7926a35704670bdf8a
/classes/models/LengowLog.php|e271f4ddbac1592a14e1ae7188aebdfd
/classes/models/LengowLink.php|791940858705ad4e19ca15d35cbb5900
/classes/models/LengowOrderLine.php|64a4722e428830af315fa9c30d38ad00
/classes/models/LengowMethod.php|32dbdad37fe422fe76958e8607a958c7
/classes/models/LengowHook.php|fe3a8d72ec7d35c7e8bfec9d5a82c202
/classes/models/LengowGender.php|eace2762671ac7f6d9e3731806e6125f
/classes/models/LengowImport.php|ba51a25822cbc68eb5d607f038466e94
/classes/models/LengowConfigurationForm.php|7ccd502d343aa3685e752fd4707da2e4
/classes/models/LengowInstall.php|b6be8c4b2e807da7335f563ad32d1340
/classes/models/LengowToolboxElement.php|7e08c30142f54d91ee7fec07c364e98a
/classes/models/LengowImportOrder.php|8b5495261698037372e465e4591fc128
/classes/models/LengowBackup.php|4c244f2c3c0d15eb69be8e1623b30c11
/classes/models/LengowConfiguration.php|4d0a2d87343c1087e95e21cbb7a0ba43
/classes/controllers/LengowHomeController.php|08bd6bd6c5b7c35a3edeeefdd16c119f
/classes/controllers/LengowToolboxController.php|b69114fd8ce52efcaecc4e9cfb346ab4
/classes/controllers/index.php|ed8e273082cc0a58535dc2b454435f38
/classes/controllers/LengowFeedController.php|eece8df342f51f68b52fc91e54168235
/classes/controllers/LengowController.php|570c05cfda3a8f14d83f0ef16aa81497
/classes/controllers/LengowMainSettingController.php|1c719a0fc641d08102f84e2ea2897a4d
/classes/controllers/LengowDashboardController.php|4a890e35f21aace6d4ca2ac2b4d12588
/classes/controllers/LengowHelpController.php|dd09ecc015e920972cb9b3d68be0c5ae
/classes/controllers/LengowOrderSettingController.php|1153cd4c56b7e5a69b3a72c2faca7d65
/classes/controllers/LengowLegalsController.php|5a1eb9bc2d04fca8da12de98c833742f
/classes/controllers/LengowOrderController.php|d2036e168fe45bd57cdd80f5d45223d3
/controllers/admin/index.php|eb18f895c85303c2ced77482ec4ab525
/controllers/admin/AdminLengowLegalsController.php|f40c7c5aedd61b251c14ad8a393ba7ad
/controllers/admin/AdminLengowFeedController.php|76753c5fbfd21fcefaf7499a7cbd056b
/controllers/admin/AdminLengowOrderSettingController.php|44f75d5922a8277be6a79dc43d579c99
/controllers/admin/AdminLengowHelpController.php|ca13086c29325b6e8731c294a477531a
/controllers/admin/AdminLengowHomeController.php|9422d03a5cfbbd15a3260db2000f00b8
/controllers/admin/AdminLengowOrderController.php|696550a0efacd77832740cf0e48221f8
/controllers/admin/AdminLengowMainSettingController.php|b254436bb1c5d40dd667de7c941e3cc6
/controllers/admin/AdminLengowDashboardController.php|8dffc2a630188554fc8d131bd5ec6e67
/controllers/admin/AdminLengowToolboxController.php|50292fcf136a542ec2087790c8386a07
/controllers/index.php|eb18f895c85303c2ced77482ec4ab525
/mails/index.php|eb18f895c85303c2ced77482ec4ab525
/mails/it/index.php|eb18f895c85303c2ced77482ec4ab525
/mails/it/report.html|aa21eced7789f09a68ca474b04cc431e
/mails/it/report.txt|de4160ab037db7fa1806b1dabe546a60
/mails/nl/index.php|eb18f895c85303c2ced77482ec4ab525
/mails/nl/report.html|aa21eced7789f09a68ca474b04cc431e
/mails/nl/report.txt|de4160ab037db7fa1806b1dabe546a60
/mails/pt/index.php|eb18f895c85303c2ced77482ec4ab525
/mails/pt/report.html|aa21eced7789f09a68ca474b04cc431e
/mails/pt/report.txt|de4160ab037db7fa1806b1dabe546a60
/mails/de/index.php|eb18f895c85303c2ced77482ec4ab525
/mails/de/report.html|aa21eced7789f09a68ca474b04cc431e
/mails/de/report.txt|de4160ab037db7fa1806b1dabe546a60
/mails/fr/index.php|eb18f895c85303c2ced77482ec4ab525
/mails/fr/report.html|aa21eced7789f09a68ca474b04cc431e
/mails/fr/report.txt|de4160ab037db7fa1806b1dabe546a60
/mails/gb/index.php|eb18f895c85303c2ced77482ec4ab525
/mails/gb/report.html|aa21eced7789f09a68ca474b04cc431e
/mails/gb/report.txt|de4160ab037db7fa1806b1dabe546a60
/mails/en/index.php|eb18f895c85303c2ced77482ec4ab525
/mails/en/report.html|aa21eced7789f09a68ca474b04cc431e
/mails/en/report.txt|de4160ab037db7fa1806b1dabe546a60
/mails/sv/index.php|eb18f895c85303c2ced77482ec4ab525
/mails/sv/report.html|aa21eced7789f09a68ca474b04cc431e
/mails/sv/report.txt|de4160ab037db7fa1806b1dabe546a60
/mails/es/index.php|eb18f895c85303c2ced77482ec4ab525
/mails/es/report.html|aa21eced7789f09a68ca474b04cc431e
/mails/es/report.txt|de4160ab037db7fa1806b1dabe546a60
/upgrade/index.php|8c18caef12711c245296fe35a66051dd
/upgrade/update_3.0.0.php|6efc003a896b9a9473ab78600243525f
/upgrade/update_3.0.2.php|1a4f56344cdcd3fbe749049b44df9e99
/upgrade/update_3.0.1.php|bea11d9a8ba4533d0a37091deff1b8db
/upgrade/update_3.2.3.php|4bc5823b2493ad482ada586e880b7ee6
/upgrade/update_3.2.2.php|7f350deb53800758c95d294f29c4f559
/views/index.php|eb18f895c85303c2ced77482ec4ab525
/views/templates/admin/lengow_order/index.php|eb18f895c85303c2ced77482ec4ab525
/views/templates/admin/lengow_order/helpers/index.php|eb18f895c85303c2ced77482ec4ab525
/views/templates/admin/lengow_order/helpers/view/index.php|eb18f895c85303c2ced77482ec4ab525
/views/templates/admin/lengow_order/helpers/view/view.tpl|c4dd33661b6ab2bfcaf4976f7c3c2732
/views/templates/admin/lengow_order/helpers/view/no_order.tpl|806dda4cd3f405507f7e89046e222120
/views/templates/admin/lengow_order/helpers/view/last_importation.tpl|a8e4e40f74074b6f1a1a2318fab63f73
/views/templates/admin/lengow_order/helpers/view/warning_message.tpl|821acd8febe35f9381d9462ed36e3fca
/views/templates/admin/lengow_order/layout.tpl|901527885b6fdd8c04949bfe750e438d
/views/templates/admin/lengow_main_setting/index.php|eb18f895c85303c2ced77482ec4ab525
/views/templates/admin/lengow_main_setting/helpers/index.php|eb18f895c85303c2ced77482ec4ab525
/views/templates/admin/lengow_main_setting/helpers/view/index.php|eb18f895c85303c2ced77482ec4ab525
/views/templates/admin/lengow_main_setting/helpers/view/view.tpl|82cea9f6752ebf73ab39abef21835531
/views/templates/admin/lengow_main_setting/layout.tpl|8296463aac5333e3d045024628ee14d7
/views/templates/admin/index.php|eb18f895c85303c2ced77482ec4ab525
/views/templates/admin/lengow_legals/index.php|eb18f895c85303c2ced77482ec4ab525
/views/templates/admin/lengow_legals/helpers/index.php|eb18f895c85303c2ced77482ec4ab525
/views/templates/admin/lengow_legals/helpers/view/index.php|eb18f895c85303c2ced77482ec4ab525
/views/templates/admin/lengow_legals/helpers/view/view.tpl|f16dd97c1a6a5c475170492a0a851dc0
/views/templates/admin/lengow_legals/layout.tpl|8296463aac5333e3d045024628ee14d7
/views/templates/admin/lengow_home/index.php|eb18f895c85303c2ced77482ec4ab525
/views/templates/admin/lengow_home/helpers/index.php|eb18f895c85303c2ced77482ec4ab525
/views/templates/admin/lengow_home/helpers/view/index.php|eb18f895c85303c2ced77482ec4ab525
/views/templates/admin/lengow_home/helpers/view/view.tpl|8e0c9ac0a8269c60c6ae2f64203f5d32
/views/templates/admin/lengow_home/helpers/view/connection_cms.tpl|b9017bfcbb77996f2e307056ec476d91
/views/templates/admin/lengow_home/helpers/view/connection_catalog_failed.tpl|8dc9149312cf84a7f579508b69c7ae82
/views/templates/admin/lengow_home/helpers/view/connection_home.tpl|719d3053ad5fe0212ca04b836fe3ed15
/views/templates/admin/lengow_home/helpers/view/connection_cms_result.tpl|a7bdfe86ab8654b2c0ece23fe5eee4e9
/views/templates/admin/lengow_home/helpers/view/connection_catalog.tpl|761994719aed4e1b7a115429b09d8fd4
/views/templates/admin/lengow_home/layout.tpl|d4e23ff27234d8621b4fc909e1aea5dd
/views/templates/admin/lengow_toolbox/index.php|72322f523ad4fa1155e26a3cf724d68c
/views/templates/admin/lengow_toolbox/helpers/index.php|72322f523ad4fa1155e26a3cf724d68c
/views/templates/admin/lengow_toolbox/helpers/view/index.php|72322f523ad4fa1155e26a3cf724d68c
/views/templates/admin/lengow_toolbox/helpers/view/view.tpl|d7f5ab6dca7d8abef5c987378bdc606a
/views/templates/admin/lengow_toolbox/layout.tpl|dce5c18c3f7ee6d8deb4b15ae67b9eed
/views/templates/admin/header_order.tpl|452332339e744007db76a1c4e8ae5805
/views/templates/admin/lengow_feed/index.php|eb18f895c85303c2ced77482ec4ab525
/views/templates/admin/lengow_feed/helpers/index.php|eb18f895c85303c2ced77482ec4ab525
/views/templates/admin/lengow_feed/helpers/view/index.php|eb18f895c85303c2ced77482ec4ab525
/views/templates/admin/lengow_feed/helpers/view/view.tpl|b17239ccdf8a2995c18acb4c07c626e6
/views/templates/admin/lengow_feed/layout.tpl|8296463aac5333e3d045024628ee14d7
/views/templates/admin/header.tpl|3711f5805799295ae700262bfc7ea0c5
/views/templates/admin/lengow_help/index.php|eb18f895c85303c2ced77482ec4ab525
/views/templates/admin/lengow_help/helpers/index.php|eb18f895c85303c2ced77482ec4ab525
/views/templates/admin/lengow_help/helpers/view/index.php|eb18f895c85303c2ced77482ec4ab525
/views/templates/admin/lengow_help/helpers/view/view.tpl|922255f0c88cf95737dc8f46434bd806
/views/templates/admin/lengow_help/layout.tpl|8296463aac5333e3d045024628ee14d7
/views/templates/admin/footer.tpl|c8ffe5dc6ad45f516ac5e7a1ff7ddc3c
/views/templates/admin/order/index.php|eb18f895c85303c2ced77482ec4ab525
/views/templates/admin/order/info.tpl|f6cc8a0d58d5c50b6fd47c917190630d
/views/templates/admin/lengow_dashboard/index.php|7cc0a3ff0e4a0388d1462ebdf95fb822
/views/templates/admin/lengow_dashboard/helpers/index.php|7cc0a3ff0e4a0388d1462ebdf95fb822
/views/templates/admin/lengow_dashboard/helpers/view/index.php|7cc0a3ff0e4a0388d1462ebdf95fb822
/views/templates/admin/lengow_dashboard/helpers/view/view.tpl|01c5146729441a7adf8a7dc65fd03ff4
/views/templates/admin/lengow_dashboard/helpers/view/status.tpl|1e6678a36f90f268f7d8fec583b22154
/views/templates/admin/lengow_dashboard/helpers/view/dashboard.tpl|63237d59aacd6849801b6cdbe1decf4f
/views/templates/admin/lengow_dashboard/layout.tpl|89267905b72cffc708bb36c1c9bb1ca1
/views/templates/admin/lengow_order_setting/index.php|eb18f895c85303c2ced77482ec4ab525
/views/templates/admin/lengow_order_setting/helpers/index.php|eb18f895c85303c2ced77482ec4ab525
/views/templates/admin/lengow_order_setting/helpers/view/index.php|eb18f895c85303c2ced77482ec4ab525
/views/templates/admin/lengow_order_setting/helpers/view/view.tpl|064b2524739bf2de81dcf81a4c77ddde
/views/templates/admin/lengow_order_setting/helpers/view/marketplace_matching.tpl|795fa9a03687067686437818681c1131
/views/templates/admin/lengow_order_setting/helpers/view/marketplace_method.tpl|ebc5d69c98f9f796a83c1ae6a32420b0
/views/templates/admin/lengow_order_setting/helpers/view/marketplace_carrier.tpl|52c4ee9821380783e3816deb28f8f22f
/views/templates/admin/lengow_order_setting/helpers/view/default_carrier.tpl|59082017288f80c73b1fde08de8fd088
/views/templates/admin/lengow_order_setting/helpers/view/country_selector.tpl|a267b04ca30c63272a0518df44d2d132
/views/templates/admin/lengow_order_setting/layout.tpl|901527885b6fdd8c04949bfe750e438d
/views/templates/front/index.php|eb18f895c85303c2ced77482ec4ab525
/views/templates/front/tagpage.tpl|f040d02eb2f79ed7d50e72f7f707db0e
/views/templates/index.php|eb18f895c85303c2ced77482ec4ab525
/views/js/bootstrap-datepicker.js|5e12aafeadd2893b88641fa55e102dd7
/views/js/clipboard.js|55db0ff82a3b6b247844ae0d07d85fc6
/views/js/index.php|eb18f895c85303c2ced77482ec4ab525
/views/js/lengow/index.php|eb18f895c85303c2ced77482ec4ab525
/views/js/lengow/main_setting.js|9e05dfd4940abfb0c71d919a268444da
/views/js/lengow/toolbox.js|72db7b5a4e5b19702770ad899b5f3e9a
/views/js/lengow/home.js|1f2e8c28ae870b3476483d3759f76964
/views/js/lengow/order.js|53696be1ee061487de8230f8312ad4b4
/views/js/lengow/feed.js|e28c09bca1565e46b8abd015f5ccba59
/views/js/lengow/admin.js|62eeab452a15d83278e4d0c6dcdc50a1
/views/js/lengow/order_setting.js|4cda1807f409868f9f8daeff39afd981
/views/js/bootstrap.min.js|dd6e92df60a6ae59738a1525d6ba1728
/views/js/select2.js|2565df263f3a062418fb9ef1202d7e4e
/views/js/jquery.1.12.0.min.js|e63f1452800f328881a789956054aca3
/views/css/index.php|eb18f895c85303c2ced77482ec4ab525
/views/css/lengow-layout.css|768416b1c8fbc2d02f013f2bbee9ee5f
/views/css/select2.css|8969ac4614d64a13dfc32e1eb4e731f7
/views/css/lengow-components.css|d8e1abd6cfd93e95c0c9cea6da0cc532
/views/css/lengow-tab.css|5b6066640ae15dce94cd2225d84cec50
/views/css/lengow-pages.css|b4c880bba792fa72eeb253c34a5e875d
/views/css/bootstrap-datepicker.css|d5260247b97663d887f4efe8ec894353
/views/css/font-awesome.css|bf4b58c946c9234e4a6b9f7a70d38006
/views/img/lengow-white-big.png|6e6178f2db21104a157aebb27f9a5ca2
/views/img/index.php|eb18f895c85303c2ced77482ec4ab525
/views/img/connected-lengow.png|c80e8065bd5d1568efca50388622fd42
/views/img/box-close.png|73512c2351bfc39c6d10b95a3f2810c3
/views/img/bag.png|d812d529e1b5404cf7b92d4f36ab7abd
/views/img/home-settings.png|4f7751e943137d3c10b71da358f7b1d7
/views/img/carret-down.png|f54e84c999caf3849f56fcf6537141bc
/views/img/tick.png|93392d528788c75f2c61f48632e3a93e
/views/img/home-orders.png|db05b21ec6b166d844b42c0e807cb265
/views/img/modal-close.png|32cadb3a7cfff33ff4d79b53b817f8e2
/views/img/home-products.png|99ff45448ea094f8c70b58a0cd4d9303
/views/img/flag/JM.png|3d54284d8d3cb58632a152175cb42866
/views/img/flag/UZ.png|9cd7f3e20f89d37e4a2854f30622d27a
/views/img/flag/RS.png|6e44d2f1b54aeb9f6a470796c05307b8
/views/img/flag/VG.png|cd80422040f3569cdee8fe37c9ac233b
/views/img/flag/AR.png|2c0793e851675c4178e6c623bedada68
/views/img/flag/OM.png|03760a212630cc7c0e5471df8281355e
/views/img/flag/MK.png|a58f238f52c62e8eb54fa6d056c37d38
/views/img/flag/BO.png|4e5e360f3cfec693bddd39707f79254a
/views/img/flag/EG.png|22e30f3af14155502c2f4a4819bcf799
/views/img/flag/MH.png|14bc97a69158b9c8b513b4b4adc6b861
/views/img/flag/SG.png|f0f0bb2bf6639e472ef6ff90f9eaf0c7
/views/img/flag/AX.png|6bfdcba08d5eac28c8b2f444d403fbd7
/views/img/flag/BJ.png|e0db6fe266bf66ddebe037bc574a930d
/views/img/flag/EE.png|9d2fe6fa37282535b72b5b4428e02a1d
/views/img/flag/KG.png|aa27c4a8269656e2b7e22ee2782869fd
/views/img/flag/BT.png|3d1dd6d51b8706976d8e52985f572dd1
/views/img/flag/WS.png|dbfe225a535339b992abd582c9e69037
/views/img/flag/CI.png|06b9dd31f9661b9a162857eef2f33cc2
/views/img/flag/OTHERS.png|ca92647387865e00fd0128eea3c0b3f0
/views/img/flag/TM.png|58f31979cd5840ed53c4c0244226ad88
/views/img/flag/SM.png|ad4c6e282255da7434889bd83a069286
/views/img/flag/CG.png|fd66daf57f1a96e802ba44b07ce712c8
/views/img/flag/index.php|eb18f895c85303c2ced77482ec4ab525
/views/img/flag/HM.png|ab3991ad7489bf384fb5446222bb48c6
/views/img/flag/MP.png|6c26816f5aaeae7d369b60fce14da9db
/views/img/flag/KE.png|ba0a3ef22e0a59d8db268ae25d4fcb77
/views/img/flag/LY.png|cc1fe9b7e51a1ffa91c5f79d26043a25
/views/img/flag/LS.png|424c47d3ce5111e4f646abcfafc652be
/views/img/flag/NC.png|cc1fc719aa70170cf59aa97989f32fca
/views/img/flag/NA.png|17f102547f2ad6154227108af755dad2
/views/img/flag/SO.png|053a1a934a1e0e0e3c4b455c3a0bf1db
/views/img/flag/ZZ.png|737e91fb2b9da9e69ab2495a49cce79d
/views/img/flag/CH.png|d3f7ffa92fc89d18ecf93a210dcbd046
/views/img/flag/PW.png|b5ae6117e7e8c6c506f4ec2bed045e33
/views/img/flag/MG.png|1d31e4ce165056179bbe39248a7170cc
/views/img/flag/NL.png|f9da0a905e9fec2ff6a12d52b0bae61c
/views/img/flag/BD.png|ea5f4a802e6b2969197551c64750b9a6
/views/img/flag/KW.png|04474a00fd44b8c39fcce5cb6f2b94f7
/views/img/flag/TC.png|1988184525b5d9410d8bbc07fca834c0
/views/img/flag/CX.png|3f3aba1069496a40934637cf4b4f766c
/views/img/flag/NF.png|380b2fedcc87649ed83992a0e8fcfcc8
/views/img/flag/YE.png|393dee2beda492bbdae758640b615561
/views/img/flag/AS.png|6e81163a35de2f77ef3feb9ff4c36819
/views/img/flag/UY.png|bb2ddc17d73acbc625c0ec8ab5ff51c4
/views/img/flag/GN.png|37244e09a030931a398207bbed599818
/views/img/flag/NO.png|e3fa15f998178a590461f1fc6a0d2de8
/views/img/flag/NZ.png|c9eb80f47846f678803710fd86e4fb91
/views/img/flag/FJ.png|dabe04af951004527f0b1094cfd218d1
/views/img/flag/BB.png|a0a004f000c7ea6ab8d150959ac8d3fe
/views/img/flag/GF.png|cc1fc719aa70170cf59aa97989f32fca
/views/img/flag/MT.png|a31f908619bd13739d39dfca7d3900a4
/views/img/flag/GT.png|d4b7180e1da0f1f2baede267bec4d045
/views/img/flag/ID.png|85754149e4307e821f27c80389263d6e
/views/img/flag/SY.png|5f25bd15bf8a63c5f55b36a63ad029b5
/views/img/flag/DK.png|4c8c04806671345cacfabbd0781aaa64
/views/img/flag/FO.png|0268b567af566647f953d8c3524c9ca7
/views/img/flag/LC.png|92badafa246492aed1cffb0bb913a21b
/views/img/flag/SD.png|fa421effd81aa5f626083d0b2474853b
/views/img/flag/BQ.png|f9da0a905e9fec2ff6a12d52b0bae61c
/views/img/flag/TA.png|ecfd4b85afd85b8bf8c531f8e6255cae
/views/img/flag/HR.png|24cb403f2615ba725761dfbbcb843cfa
/views/img/flag/LU.png|b30b097b3f764af26f3fc551e10b62fa
/views/img/flag/PL.png|08b70dfd937f53fc448e084334df133d
/views/img/flag/EC.png|061930954ddd6fb786cd4060f0876fce
/views/img/flag/PF.png|cc1fc719aa70170cf59aa97989f32fca
/views/img/flag/SS.png|83ab553ec6ed1454b5523b9bb5f9e4f9
/views/img/flag/PK.png|bb24b773e81e7daebc3ba3e263e67c20
/views/img/flag/TD.png|c09a11652d7215dbbb86b9f2e08e1eaa
/views/img/flag/SN.png|1a524290e23411b9f33e2e4426cb2d40
/views/img/flag/TF.png|cc1fc719aa70170cf59aa97989f32fca
/views/img/flag/RE.png|cc1fc719aa70170cf59aa97989f32fca
/views/img/flag/IT.png|42d6ced0776d3c3ea8295b704202ff44
/views/img/flag/TH.png|04ae701cf5d13862c0badd8f931844b6
/views/img/flag/FI.png|6bfdcba08d5eac28c8b2f444d403fbd7
/views/img/flag/RW.png|3c21dcfbee72c5a9229317ba9e3b9cdb
/views/img/flag/LT.png|6a8428cf97967d9726f9a78277fec777
/views/img/flag/ST.png|c879c939fdce2c819a2f80f1680580d2
/views/img/flag/ZA.png|55dc8a9767f651d0c1f81dc47580f5d8
/views/img/flag/HT.png|3dd1a60ae95e7348b00fa8c1bffd0258
/views/img/flag/BZ.png|9481ccc9362b14353caa982b525793a8
/views/img/flag/IC.png|6db63d7e4bee7add3ead8eb95c9668e8
/views/img/flag/GB.png|ecfd4b85afd85b8bf8c531f8e6255cae
/views/img/flag/LV.png|48efa49e2a85e9c077be41542ad17a1a
/views/img/flag/GD.png|2f520ce09043643b7252eb0ce75a3d0c
/views/img/flag/VA.png|14a0946355567991035d1c4a235b7890
/views/img/flag/JR.png|532ea8b20fa31e751d81f819d1e6774d
/views/img/flag/FR.png|cc1fc719aa70170cf59aa97989f32fca
/views/img/flag/UA.png|01969d09f7817a4ed6b9f152123fd5fa
/views/img/flag/BV.png|2f9326738982ae4876fc7f0f0960c77e
/views/img/flag/BI.png|2bc04f56f098abfd22ec8dc9b4d25c6f
/views/img/flag/TO.png|59a189738b32f9e766c913ed9296de03
/views/img/flag/HU.png|aa1de41f497f81700e4bbf862e3454ee
/views/img/flag/SC.png|59f0b2fdc9c66ca24e723225fea73c3f
/views/img/flag/JE.png|3d4f6a61cc22ad5a77b4cbe36c26c9d7
/views/img/flag/CK.png|3859da524e0ff3fedf39784da126a647
/views/img/flag/QA.png|f38b2d29e8a446e5764d5258c8afd6eb
/views/img/flag/RU.png|784a2a8638e99ff3e7d229be90b4f420
/views/img/flag/TT.png|3dd6607f691fdc7244b08e30f9cb5266
/views/img/flag/IO.png|1c5a9a59d014fad88383a6d864458bc8
/views/img/flag/NE.png|fc09575c0fabcb08e083e2b25f8e4343
/views/img/flag/GW.png|9103e6399b262a7ad40a5d06e0ea8ecd
/views/img/flag/MQ.png|cc1fc719aa70170cf59aa97989f32fca
/views/img/flag/IL.png|ca066a0cb246da38676b6a4930b29971
/views/img/flag/NU.png|d89e7c94b030bb809a10231c0ee38e8e
/views/img/flag/AN.png|a8c499377e0868f60a435229aa146fb1
/views/img/flag/KR.png|26ddd3e45a9a097d781fd1c9cfddc468
/views/img/flag/PA.png|9407681f91e287935c4a7f987da34c63
/views/img/flag/AL.png|5d34661c52bbda24fb4a49adf5ef82a0
/views/img/flag/KM.png|130b19dbbed58a2896335af73c1a7ff2
/views/img/flag/MD.png|2b7d7b14d52f8fe8d800c000f2ddd0a9
/views/img/flag/UG.png|2e03029719fda3470ee6263150a7466b
/views/img/flag/MW.png|eaadfcd54efd99816aa1e98cde55b48a
/views/img/flag/HK.png|9e22cff886b227b7c66a7299cee60c4a
/views/img/flag/KI.png|da6b34f01691dfaaad7424078d741a6a
/views/img/flag/NI.png|7f337fe073caff1ecb41acae6a9d1e3d
/views/img/flag/GI.png|ecfd4b85afd85b8bf8c531f8e6255cae
/views/img/flag/MN.png|6b459e34b09e6eb540ca41ff45f5d978
/views/img/flag/ET.png|a8ccdaec951da596214f55351e1ce618
/views/img/flag/KZ.png|1944b754503564c281ce18e5902229e9
/views/img/flag/TK.png|3f70b39454fe3d56ea975185438edeb0
/views/img/flag/SE.png|b8e45aecfb0ad66627b731f7d5fee095
/views/img/flag/KN.png|73c41ac33b42de3aa30fca903333f7fb
/views/img/flag/NR.png|0d5e83ccb1ccd3a8f02fc61acaa6e47b
/views/img/flag/TN.png|fb43183a6891caf1600763cb51cde4a5
/views/img/flag/ER.png|098530d2dfadf464e46eeb7b67f88391
/views/img/flag/AD.png|ca92647387865e00fd0128eea3c0b3f0
/views/img/flag/AG.png|3e96767508f891bee4e18b0879197059
/views/img/flag/VI.png|e69dce8e3db81cbc4e43f41b41eb5de7
/views/img/flag/TZ.png|aeab49fe6ea2334ee06286245759f40a
/views/img/flag/SH.png|ecfd4b85afd85b8bf8c531f8e6255cae
/views/img/flag/PS.png|f9f7ff5e3c9d12173aca821154719f7e
/views/img/flag/DJ.png|5ddb0d34fd83107a3d83e18880fa0305
/views/img/flag/BR.png|8f5c8e3aec893ab67e226a15db7cf0c0
/views/img/flag/SV.png|7f337fe073caff1ecb41acae6a9d1e3d
/views/img/flag/CL.png|6e05e10bbad0945a6a0ac4f72de351bd
/views/img/flag/TL.png|e782b6cfd00d15f709104755f400a578
/views/img/flag/AZ.png|eed74a4b4d1d9320554380ecd298c603
/views/img/flag/IM.png|9a71aa37ec75db5858d66cf3a9a943f4
/views/img/flag/KP.png|6b12eacf3bd315e433ba0b1eacf9d802
/views/img/flag/BF.png|80b84a563590f903257bfe44f1332870
/views/img/flag/CN.png|9e22cff886b227b7c66a7299cee60c4a
/views/img/flag/IR.png|304c0bf838a4fbc343b85f2a0c252d1b
/views/img/flag/PH.png|38df9e3c0944ffe4d5b015be95793be5
/views/img/flag/CF.png|5f181e4dc309c220174c64376759a89a
/views/img/flag/FM.png|6ade62bece03f1d514fdbccdda641de1
/views/img/flag/MV.png|ba000bb35f554921cf272250f30c2e10
/views/img/flag/VC.png|04d50353949376995d0ca8827fd35241
/views/img/flag/UM.png|6c26816f5aaeae7d369b60fce14da9db
/views/img/flag/MM.png|96647eab72c5fe93e4be84e1c5f3d7a7
/views/img/flag/TR.png|ae9e141ce534888b8b298f3a63d36e38
/views/img/flag/JO.png|30a9129bf6502226ba7fd9da08e4b35c
/views/img/flag/BG.png|aad68b8269f4c43558b53089c6e42d71
/views/img/flag/MF.png|cc1fc719aa70170cf59aa97989f32fca
/views/img/flag/CO.png|e9239e0e2019b75b50908273696037a5
/views/img/flag/TG.png|e2cf3a5f662ba166b85bf7a224d9ded9
/views/img/flag/DM.png|863a58ff3765e2285d6b2f519620640e
/views/img/flag/KY.png|ecfd4b85afd85b8bf8c531f8e6255cae
/views/img/flag/SX.png|f9da0a905e9fec2ff6a12d52b0bae61c
/views/img/flag/LK.png|4af94d1108d1dbd3daee42e5d7027e73
/views/img/flag/ML.png|a902428bbc6d2e20381b5f4a58ffc750
/views/img/flag/SI.png|87f0819a7674137b062db99f7b888af7
/views/img/flag/CM.png|7944de5a7885828172fe267c5f0bd666
/views/img/flag/LB.png|a40045be63d6f413ff91c9b5867aa880
/views/img/flag/DZ.png|96aecc1300df553a35b3758e3ecfba3e
/views/img/flag/PT.png|2e7c7be8522b84c10ac8c584c3932fab
/views/img/flag/SA.png|fa0d37fefbcb03be08a96ff39c35e9fb
/views/img/flag/IN.png|c1b8cf0460974ae1739a2f0ee72a0a36
/views/img/flag/GG.png|d104842e7f86efd100c0ee29a0fa40ca
/views/img/flag/CU.png|4ba302408d9eddb58f79ef741668bf3b
/views/img/flag/DE.png|d8cd6c8e3fa88c3a5d71aade7691711d
/views/img/flag/PN.png|dc374e50b3c4d72a5663d422d276776a
/views/img/flag/CD.png|1a91773608e0dc37943f2e3b64e2fd74
/views/img/flag/AF.png|49d77e12111afc3d4194ade2664d286f
/views/img/flag/BM.png|9dd3a4a2f7082b5ec1d62888cc091c49
/views/img/flag/EH.png|64c0643f5f65257b22dd3bb070d3acf5
/views/img/flag/SZ.png|cba65b0b5c6d94904dcba4f3150c5ca8
/views/img/flag/ME.png|b9d7ebeaa14eaf5c2132098e57ac3b3a
/views/img/flag/AW.png|ec19a347739ea0e70970e2a604614837
/views/img/flag/ZW.png|7d535d7ed7bb8fad8684610d869c4058
/views/img/flag/SR.png|0a74189d8580fae462170f51fdfd5b9b
/views/img/flag/FK.png|38cba6706a7246740309b9ca0fbc0b73
/views/img/flag/LA.png|73e8e91f8cec75bc2cb582effb937212
/views/img/flag/IS.png|e3afdbe32403f05ab6bed0acd8336604
/views/img/flag/BL.png|cc1fc719aa70170cf59aa97989f32fca
/views/img/flag/VE.png|60739b59a02254e88e103f154f434087
/views/img/flag/SJ.png|e3fa15f998178a590461f1fc6a0d2de8
/views/img/flag/IQ.png|e80063e93b8c7a79490dfcfae80b6aae
/views/img/flag/GR.png|1490aa27b7e0f14ac0757139cf3804fa
/views/img/flag/BH.png|4c735715f2b57bf14008bc277ba43c51
/views/img/flag/CA.png|959ca28fd07235ef971d3ea388c16397
/views/img/flag/MO.png|9e22cff886b227b7c66a7299cee60c4a
/views/img/flag/AQ.png|7b496e199605b532dba8319044097d7e
/views/img/flag/BY.png|30eb3989b884d4aed254eef073a21e9f
/views/img/flag/AT.png|d94ad12cbb42e07163dad620027b3a80
/views/img/flag/GQ.png|a3535b533b2af91719ba770f308ceb67
/views/img/flag/BN.png|54fbed23e5e0467e10530f00e5a53d8a
/views/img/flag/BW.png|5fb1b531e34de1e246560f3a9defefe2
/views/img/flag/US.png|96becb321dbd9e9fab92cf6b3c9b5163
/views/img/flag/ZM.png|90feb476b1cf845ec389074f32585c34
/views/img/flag/PM.png|cc1fc719aa70170cf59aa97989f32fca
/views/img/flag/DO.png|7ca29ece3c9d65228080ba12e0be8940
/views/img/flag/VU.png|cade21feef734a691c19396d4cacd4d4
/views/img/flag/CY.png|eb2365a3603d60aff08f3c50cc87f249
/views/img/flag/LI.png|ba8539c6542d4d7e443a10f91bea414c
/views/img/flag/KH.png|0ffb252a38a5001bd776633c7d294063
/views/img/flag/TV.png|87b460b75260e3da93f06e56840a95b9
/views/img/flag/TJ.png|725785afd7652b97fc79b9f9a2219759
/views/img/flag/SB.png|bf3795be21421952a58ca2039aaaf5b5
/views/img/flag/RO.png|0701088a3c572a894daa458455c957f1
/views/img/flag/AU.png|ab3991ad7489bf384fb5446222bb48c6
/views/img/flag/SK.png|6bfe648618589d94ccad3c6e27aec692
/views/img/flag/PY.png|47ba6b57d21f58b4e206251230b19ac8
/views/img/flag/BE.png|a538d77b0d0e599095ca6db2ada1c2f3
/views/img/flag/GA.png|334f0731d029c587625f0b7b98e6e17d
/views/img/flag/LR.png|88412f2e2d5322bdd1d10f011fda38e3
/views/img/flag/AO.png|835be1589972b119e2a3aea772e21a18
/views/img/flag/AM.png|3461136703e8e2b5dffe869e3e086ce1
/views/img/flag/CR.png|fb27f4596f9ac16b951e0f017dbeaa2b
/views/img/flag/MA.png|b9214415961f794af1034dab0cace3b3
/views/img/flag/SL.png|262fe618a191d0d8a60bc364746d3c04
/views/img/flag/VN.png|8c03bf96d845425cda900ed4cf965193
/views/img/flag/PE.png|2213daa82fbd4344c53ed14272064ed3
/views/img/flag/NG.png|bd9daa305a8a954cffaff6649a464b5d
/views/img/flag/GE.png|6ece075c9a93ba4cabbd65f015fa91b3
/views/img/flag/MR.png|88251c8ae9701c1c130b51c206462216
/views/img/flag/GU.png|49c3a9df1fe4d853a0a5fc76e3270b20
/views/img/flag/CC.png|7fecb4864f239d8d672d4dd0c780797c
/views/img/flag/MX.png|4585eaa23399ff97b0edddebc9548733
/views/img/flag/ES.png|6db63d7e4bee7add3ead8eb95c9668e8
/views/img/flag/BS.png|9bd57b913f78269f420d06006adc4881
/views/img/flag/NP.png|3885515ee4827a6d374e0bbcc3ddaaef
/views/img/flag/PR.png|587404b281120855ff304375851e3793
/views/img/flag/GY.png|ab7cebdcd0f057c92edb1d92d4c45ed1
/views/img/flag/GS.png|fcfa6d9375d344cdad3cba278059f9dc
/views/img/flag/WF.png|cc1fc719aa70170cf59aa97989f32fca
/views/img/flag/GM.png|d5273ab5a2bb48c0678db55894849363
/views/img/flag/MZ.png|04cfeaaf203ceb1ffc56d95914956d3d
/views/img/flag/MC.png|85754149e4307e821f27c80389263d6e
/views/img/flag/AE.png|ea9875d8e8afafed9f07e63e7fae0b3d
/views/img/flag/MY.png|1e8b313da9168f9b03b235d2952e142b
/views/img/flag/GL.png|4c8c04806671345cacfabbd0781aaa64
/views/img/flag/GH.png|748acbf0e69a5b10243d3ef200d9ea7f
/views/img/flag/CV.png|0e39eebc150f3825588ebd015b958372
/views/img/flag/YT.png|cc1fc719aa70170cf59aa97989f32fca
/views/img/flag/MS.png|ecfd4b85afd85b8bf8c531f8e6255cae
/views/img/flag/HN.png|e969c09f78ba886511b46ac692d9f204
/views/img/flag/BA.png|0ca33f9b22f6317781e167a74843a19e
/views/img/flag/AI.png|59b67277582e2170cfe037c35ba4ed7a
/views/img/flag/XK.png|6d8d386104193e251f4c3077e5bf5d3b
/views/img/flag/MU.png|026a9a35bf226c5466e85912d37c80ec
/views/img/flag/CZ.png|c29892cb415d8489c5e4024a867fe8b6
/views/img/flag/TW.png|6ae84dc3a37d433ee650f0089a8e8f4f
/views/img/flag/IE.png|6882a56174318552db95a58dc4bc295c
/views/img/flag/JP.png|e6f8733f45d9c7ac9dcf834aba625cbb
/views/img/flag/PG.png|e13e005b63bc30978dc3e4232623e8d1
/views/img/flag/GP.png|cc1fc719aa70170cf59aa97989f32fca
/views/img/carret-up.png|3e14398dbf0566a04e32160d61fb0dd8
/views/img/plane.png|7d27896af3e0f3cf6e353cccef8f8267
/views/img/plug-grey.png|4231ef1a002a23decaa0e3e292a417fc
/views/img/logo-blue.png|20c05b7249c00f126861223ecc5b6ce9
/views/img/lengow-white.png|0324647d065652cd15282d7fac4ef8ff
/views/img/clock.png|499ea8d7905f77624cb64b1af3f955b5
/views/img/lengow-blue.png|fae0834ea05ab923912a47bbcb3af59b
/views/img/laser-gun.png|5b09dfd39f2c17e6e818e79fdf8c03c0
/views/img/arrow-right.png|e56e5bb1dd1c9e23161dd7f0aa4293d2
/views/img/plugin-update.png|a350fb0045bd61298a90268d0026e022
/views/img/search.png|7f9b41e3ae4871543c2962369b9de277
/views/img/connected-prestashop.png|190c1dd936024ad8bb95d42491e7fe1e
/views/img/unplugged.png|55b5eeee08952d538185a659abbbb932
/views/img/connection-module.png|edb3364c8b46d07cbaa7192944f01475
/views/fonts/fontawesome-webfont.svg|f775f9cca88e21d45bebe185b27c0e5b
/views/fonts/index.php|eb18f895c85303c2ced77482ec4ab525
/views/fonts/fontawesome-webfont.woff2|db812d8a70a4e88e888744c1c9a27e89
/views/fonts/FontAwesome.otf|87d8ca3ddc57e7d2da6226e480f90457
/views/fonts/fontawesome-webfont.eot|32400f4e08932a94d8bfd2422702c446
/views/fonts/fontawesome-webfont.ttf|a3de2170e4e9df77161ea5d3f31b2668
/views/fonts/fontawesome-webfont.woff|a35720c2fed2c7f043bc7e4ffb45e073
/webservice/index.php|eb18f895c85303c2ced77482ec4ab525
/webservice/toolbox.php|b2fd2331c17845a4a8d01f9782f00b8b
/webservice/cron.php|3d1f6ff44c39b259ee9625931d940ad2
/webservice/export.php|4a547946149ed49e2c106d317d21d7a3
